sorgu|1st|2nd|3rd|4th|5th
Doğu Anadolu Bölgesi'nde tarım alanlarının kapladığı yüzölçümü ne kadardır?|Doğu Anadolu Bölgesi|Tarım|Güneydoğu Anadolu Bölgesi|Anadolu Selçuklu Devleti|Durağan
Bu metinde hangi Mısır tanrılarından bahsedilmektedir?|Antik Mısır|Aşağı Mısır|El-Hevemdeyye|1952 Mısır Devrimi|Mısır Kupası
Terry Gilliam hangi filmin çekimlerini tamamlayamadan askıya almıştır?|Terry Gilliam|It Comes at Night|Ben-Hur (film, 2016)|Feryada Gücüm Yok|Programlama dili
Avrupa Jeologlar Federasyonu, bugün 70.000'den fazla jeologu temsil eden bir organizasyon mudur?|İslam'ın nüfus yapısı|Mikro-|Çince|Avrupa'da konuşulan diller|Brüksel Antlaşması (1965)
Metinde, Mustafa Kemal Atatürk'ün kişisel özellikleri, ilgi alanları, giyim tarzı, dil bilgisi, aile ilişkileri ve aşk hayatı hakkında bilgiler verilmiştir. Ayrıca, Atatürk'ün dönemindeki siyasi ve bilimsel ilişkileri de açıklanmıştır.|Mustafa Kemal Atatürk|Konya Atatürk Evi Müzesi|İzmir Atatürk Müzesi|Cemal Granda|Mustafa Kemal Atatürk'ün askerî kariyeri
 Musul Sorunu, Türk-Yunan ilişkileri ve Türkiye'nin Milletler Cemiyeti'ne katılımı hakkında metinden ne anlaşılıyor?|Türkiye|Avrupa Komşuluk Politikası|Ülkeler listesi|Hristos Dandis|Helenleştirme
Eretna Beyliği hangi yıllar arasında hüküm sürmüştür?|Eretna Beyliği|Periplus Maris Erythraei|Mehmedoğlu Hızır Bey|Programlama dili|Güneri Bey
Hangi şirketi kurarak Francis Ford Coppola ile çalışmaya başlamıştır?|Ford Falcon (Avustralya)|Ford Duratorq motoru|George Lucas|Haydar Yenigün|Francis W. Nye
Metinde Zazaca dilindeki fiil takıları ile ilgili neler söylenmektedir ve bu takılar nasıl oluşmuştur?|Zazaca|Alkıma|Khwe|Okçular, Kovancılar|Flamedramon
İstiklâl Marşı kaç dörtlük ve kaç beşlikten oluşur?|İstiklâl Marşı|Gönüllüler Marşı|Aegukka|Mehmet Ali (asker)|Albüm satış sertifikası
Eğer Cengiz Han 1162 yılında doğmuşsa, ölüm tarihi nedir?|Cengiz Han|Yeni Han|Burhan Haldun Dağı|Moğolistan tarihi|Kasım Han
Mustafa Kemal'in cumhuriyet döneminde gerçekleştirdiği önemli değişiklikleri ve devrimleri özetleyiniz.|Mustafa Kemal Atatürk'ün askerî kariyeri|Mustafa Kemal Atatürk|1923 Türkiye cumhurbaşkanlığı seçimi|Cumhuriyet için Seferberlik Buluşması|İsmet İnönü
Antropoloji neyi inceler?|Antropoloji|Tıbbi antropoloji|Marcel Mauss|Kemikbilim|E. E. Evans-Pritchard
Microsoft Windows Server 2022'nin genişletilmiş destek bitiş tarihi ne zamandır?|Microsoft Windows|Windows Messenger|Windows 8|MacOS Server|Windows Live Gallery
Hangi ülkenin parlamentosu, Ermeni Soykırımı'nı tanıyan bir tasarıyı oy çokluğuyla kabul etti|1999 Finlandiya'da Avrupa Parlamentosu seçimleri|Anneli Jäätteenmäki|Devredilemez tek oy|Naregavank|Višegrad Katliamı
Lozan Antlaşması'nın imzalanması ve Cumhuriyetin ilanı süreçleri hakkında bilgi veriniz.|Küçük gruplarda iletişim|Brüksel Antlaşması (1965)|Yerli, Terme|Kırım Cumhuriyeti|Mustafa Kemal Atatürk
Mustafa Kemal'in liderliğindeki milliyetçi hareketin gelişimini özetleyiniz.|Mustafa Kemal Atatürk'ün askerî kariyeri|Mustafa Kemal Atatürk|1923 Türkiye cumhurbaşkanlığı seçimi|1927 Türkiye cumhurbaşkanlığı seçimi|41. Türkiye Hükûmeti
Celaleddin Harezmşah, Cengiz Han'ı hangi tarihte İndus nehri sahilinde karşıladı?|Cengiz Han|Yeni Han|Burhan Haldun Dağı|Moğolistan tarihi|Liffey Nehri
Barış Manço ve Moğollar'ın birleşmesiyle oluşturdukları grup hangi adı almıştır?|Barış Manço|Renkli Rüyalar Oteli|Gandhi Barış Ödülü|Cem Karaca'nın Apaşlar, Kardaşlar, Moğollar ve Ferdy Klein'a Teşekkürleriyle|2020 Yaz Olimpiyatları'nda eskrim - Kadınlar kılıç
Bir dilin ölümü, o dilin artık konuşulmadığı anlamına mı gelir?|Dil|Khwe|Nagyszentmiklós Hazinesi|Ürüng Ağar Toyon|Akalkuli
Anıtkabir derneği ne zaman kurulmuştur?|Anıtkabir|Zaman aşımı|Cumhuriyet için Seferberlik Buluşması|Doğan Güneşspor|Hilary Swank
İsmet İnönü'nün Türkiye'deki görevleri nelerdir?|Kümbet, İnönü|İsmet İnönü|Mevhibe İnönü|Ömer Evci|Karamağara Köprüsü
Fikir Kulüpleri Federasyonu'nun dönüşümü hangi dergi ile koordine edilmiştir?|KF Egnatia|Standard AC|Ballinamallard United FC|Aris Lemesu|CG Tarragona
2001'deki Köln Başkonsolosluğu mesajında, Anıtkabir'e gerçekleştirilmek istenen saldırının planlandığı tarih belirtilmemiş olsa da, 11 Eylül saldırılarından kaç gün sonra bu mesaj Dışişleri Bakanlığına iletildi?|Anıtkabir|Taner Yalçın|Köln Katedrali|Faruk Kaymakcı|Ferhat Kıskanç
İsmet İnönü'nün ölüm tarihi nedir?|Kümbet, İnönü|İsmet İnönü|Mevhibe İnönü|Ömer Evci|Social Security Death Index
Osmanlı İmparatorluğu'nun başkenti Konya mıdır?|Atina Antlaşması (1913)|Düyûn-ı Umûmiye|Hüsnü Tuna|Yergöğü Mütarekesi (1772)|Lasva Muharebesi
Hangi Windows sürümü, ilk defa 32 bit işlemcilere geçiş yapmıştır?|Microsoft Windows|Windows 8|Windows Messenger|Windows Live Gallery|Wine
AK Parti döneminde Türkiye'nin altyapı alanındaki gelişmeler nelerdir?|Fevai Arslan|Hasan Çilez|Ayhan Gider|Abdullah Gül|Hak ve Eşitlik Partisi
Tüm İlerici Gençler Derneği, hangi tarihte kurulmuştur?|Tüm İlerici Gençlik Derneği|Programlama dili|Periplus Maris Erythraei|Dünya 20 Yaş Altı Atletizm Şampiyonası|Hilary Swank
Yehuling Savaşı ne zaman gerçekleşti?|637|Dünya savaşı|MÖ 333|Zaman aşımı|Lazkiye Kuşatması
Cengiz Han'ın Çin'e karşı seferi için kaç asker toplandı?|Cengiz Han|Yeni Han|Burhan Haldun Dağı|Moğolistan tarihi|Karabağ Han Sarayı
Coğrafyanın pratik alanlarında hangi teknolojik gelişmelerin yaşanması coğrafik araştırmalarda nasıl bir etki yaratmıştır?|Coğrafya|Programlama dili|Serir|Periplus Maris Erythraei|Avından el alan
Mustafa Kemal'in askeri stratejileri ve savaşlardaki başarıları hakkında bilgi veriniz.|Mustafa Kemal Atatürk'ün askerî kariyeri|Mustafa Kemal Atatürk|1923 Türkiye cumhurbaşkanlığı seçimi|1927 Türkiye cumhurbaşkanlığı seçimi|Askerî devrim
2022'de Türkiye hangi ülkeyi arabulucu olarak görev yaparak Ukrayna ile esir takasında bulundu?|Oleksandr Şapoval|Yevhen Marçuk|Arseniy Yatsenyuk|2016 Avrupa Futbol Şampiyonası C Grubu|2020 Avrupa Futbol Şampiyonası C Grubu
Yoda'nın öğrencileri arasında Luke Skywalker var mıdır? |Yoda|Tusken Akıncıları|Kylo Ren|Örümcek Ayak|Star Wars Jedi Knight: Jedi Academy
Metinde spam ile ilgili olarak hangi tür eylemler ve yöntemler kullanılmaktadır?|Spam|Mine çiçeğigiller|Türler sorunu|Şantajcıdan Etkilenen ve Yolsuzluk Yapan Örgütler Yasası|Programlama dili
1206 yılında kurulan muhafız birliği kaç kişiden oluşmaktadır?|Vestiaritai|6. Ordu|Shelley, Idaho|Köseceli, Besni|Türkiye Yazarlar Birliği
 Coğrafyanın tarihsel gelişimi nasıl şekillenmiştir ve hangi önemli dönemlerde hangi gelişmeler yaşanmıştır?|Coğrafya|Programlama dili|Periplus Maris Erythraei|Tarihi determinizm|Role cetveli
Time Dergisi'nin hangi sayısında Erdoğan'ın fotoğrafı ve Erdoğan'ın Yolu başlığıyla yer almıştır?|Recep Tayyip Erdoğan|Time (anlam ayrımı)|Cennet Gözlüm (film)|Abdullah Gül|TÜGVA
Ekotop kavramı hangi unsurları içerir?|Özne (felsefe)|Programlama dili|Periplus Maris Erythraei|1945'te Billboard'da bir numara olan single'lar listesi|Türler sorunu
Fermantasyon, hücresel solunumun bir parçası mıdır?|Biyoloji|Oksidatif fosforilasyon|Vuelta a Burgos|Sitoloji|Monosit
Ontoloji nedir?|Ontoloji|Varlık neden var|Port address translation|Litecoin|Metafizik
Hangi ülke, Türkiye'nin 2014'te Rusya'nın Kırım'ı ilhakını tanımayacağını açıkça ifade etti?|Kırım Cumhuriyeti|Kırım Tatar lehçeleri|Alime Abdenanova|Türkiye|İkinci Soğuk Savaş
Spor, genellikle rekabete dayalı yarışma ve kişisel eğlence veya mükemmelliğe ulaşmak için yapılan zihinsel veya fiziksel aktivite midir?|Spor|The Ringer|Spor filmi|Küçük gruplarda iletişim|Ağrı (tıp)
Hasnun Galip Binası olarak anılan bina, bugün kulübün Stadyum'dan sorumlu bölümlerine ve Sicil Kurulu'na hizmet vermekte midir?|Galatasaray Beyoğlu Hasnun Galip Kulüp Merkezi|Hongkou Stadyumu|Yusuf Ziya Özcan|Radyo ve Televizyon Yüksek Kurulu|Bakanlar kurulu başkanı
Popülasyon ekolojisinde hangi veriler kullanılır?|Ekoloji|Programlama dili|Periplus Maris Erythraei|Fotokapan|Kanonik
Büyük İskender, Mısır'ı kolaylıkla fethedebilmiş ve Mısırlılar tarafından kurtarıcı olarak karşılanmış mıdır?|Antik Mısır|MÖ 333|Aşağı Mısır|1952 Mısır Devrimi|Mısır Kupası
15 Temmuz 2016'da Türkiye'de gerçekleşen darbe girişimi ne tür bir girişimdir?|Mine çiçeğigiller|15 Temmuz Şehitler Köprüsü (Adana)|Türkiye|Alanyaspor 2016-17 sezonu|İzmir Üniversitesi
Terry Gilliam'ın ilk bağımsız filmi hangisidir?|Terry Gilliam|Bağımsızlık (olasılık teorisi)|Acı Hayat|Zombi - Ölüm Günü|The Kickback
Galatasaray Lisesi'nin tarihçesi ve gelişimi hakkında ne söylenebilir?|Galatasaray SK|Galatasaray Lisesi|Galatasaray Beyoğlu Hasnun Galip Kulüp Merkezi|Ahmet Reşat Arığ|Kırıkuşağı, Feke
Naqada Kültürü Badari Kültürü'ne benzer özellikler gösterir mi?|Yüksek kültür|Lazura|Ög (ev türü)|Garajistanbul|Oron Gölü
Orta Çağ'da İslam dünyası oldukça ileri düzeyde bir uygarlığa sahip miydi?|Avrupa İslamı|Platonculuk|Bosna Hersek İslam Birliği|Efeoğlu Höyüğü|Erken İslam Tarihçiliği
Barış Manço'ya hangi ödül 1991 yılında Japonya Soka Üniversitesi tarafından verilmiştir?|Barış Manço|Renkli Rüyalar Oteli|Gandhi Barış Ödülü|2016 Yaz Olimpiyatları'nda Japonya|En İyi Yeni Sanatçı Grammy Ödülü
Hücre teorisi, tüm canlıların bir veya daha fazla hücreden oluştuğunu mu belirtir?|Sitoloji|Biyoloji|Oligosakkarit|Protoplast|Küçük gruplarda iletişim
Cengiz Han'ın doğumundan önce kaç yıl yaşadığı tahmin ediliyor?|Cengiz Han|Yeni Han|Burhan Haldun Dağı|Moğolistan tarihi|Karabağ Han Sarayı
Ardahan ne zaman bir il olmuştur?|Ardahan (il)|Doğankaya, Çıldır|Arıkonak, Hanak|Türkiye'nin illeri|Zaman aşımı
Kimya mühendisliği sadece ticari kimyasalların üretimiyle mi ilgilenir?|Mühendislik|Bilgisayar mühendisliği|Elektronik mühendisliği|Ticari yazılım|Biyokimya mühendisliği
Mançurya'daki Liao hanedanı hangi tarihte Jin'den ayrılarak Cengiz Han'a bağlı bir prenslik haline getirildi?|Cengiz Han|Yeni Han|Burhan Haldun Dağı|Moğolistan tarihi|Jingzong (Liao)
Metinde Atatürk dönemindeki önemli olaylar ve politikalar nelerdir?|Konya Atatürk Evi Müzesi|İzmir Atatürk Müzesi|Mustafa Kemal Atatürk|Cemal Granda|MÖ 21. yüzyıl
Yoda, Qui-Gon Jinn'in ruhu ile iletişim kurabilmekte midir?|Yoda|Küçük gruplarda iletişim|Yönlendirici|Alain Bergeron|Valérie Donzelli
Mısır yazı geleneğinin, anıt mezarlardaki özgeçmişlerde geliştiği doğru mu?|Antik Mısır|Aşağı Mısır|El-Hevemdeyye|1952 Mısır Devrimi|Mısır Kupası
Sanal Ortamda İşlenen Suçlar Sözleşmesi'nin imzalandığı tarih ve yer nedir?|Ontoloji|Şantajcıdan Etkilenen ve Yolsuzluk Yapan Örgütler Yasası|Ömer Kulga|Adnan Sadık Erzi|Üç boyutlu ses
Kadı Burhaneddin hangi yıl Eretna Devleti'ne son vererek kendi adıyla anılan devleti kurmuştur?|Eretna Beyliği|Nizârî-İsmaili Devleti|1398|1787-1792 Osmanlı-Rus Savaşı|Abdurrahman Paşa
Şeref Holü'nün yanlarındaki galerilerin ölçüleri nedir?|Anıtkabir|Ontoloji|Eddie Borysewicz|Clarence Avant|Abdulgani, Vezirköprü
Atılım dergisi nedir ve ne zaman yayınlanmaya başlamıştır?|Atılım (gazete)|Ontoloji|The Christian Science Monitor|Rauf Tunçay|Caminho das Índias
Hangi gazete Katil ve Hırsız Erdoğan manşetiyle çıkmıştır?|Recep Tayyip Erdoğan|Zodiac|Gazete (gazete)|Dedektif Conan: Gümüş Gökyüzünün Büyücüsü|Küfizade Asaf Bey
Barış Manço hangi şarkısının klibinde, çeşitli şehirleri gezip şarkıya sosyal iletiler eklemiştir?|Barış Manço|Renkli Rüyalar Oteli|Gandhi Barış Ödülü|Sosyal dışlanma|Nefise Karatay
İsmet İnönü'nün liderliğindeki CHP hangi seçimde %40 oy aldı ve hangi partiye iktidarı bıraktı?|İsmet İnönü|Kümbet, İnönü|Mevhibe İnönü|1970 Birleşik Krallık genel seçimleri|Devredilemez tek oy
Dil, bir göstergeler sistemi olarak tasarlanabilir mi?|Dil|Güzelova, İdil|Doğal dil üretme|Betimsel istatistik|Sindirim
Barış Manço, Les Mistigris ile hangi ülkelerde konserler vermiştir?|Barış Manço|İzel konserleri|Renkli Rüyalar Oteli|Roger Martin du Gard|Gandhi Barış Ödülü
Merv'deki katliamda kaç kişi öldürüldü?|Abdullah bin Mübarek|Demiryolu kazaları listesi (2010-günümüz)|Trans-Hazar Oblastı|Waşikur Rahman|Rusape
Metinde, Ferrari'nin kuruluş süreci ve kurucusu Enzo Ferrari'nin hayatı hakkında bilgiler verilmiştir. Ayrıca şirketin otomobil yarışçılığındaki başarıları ve maddi zorluklarla karşılaşması ele alınmıştır.|Ferrari|Ferrari F93A|Giancarlo Fisichella|Otomobil|Ferrari 195 S
SPAM e-postaların finansal etkileri nelerdir ve bu durum kurumlar için nasıl bir mali yük oluşturur?|Spam|Kaldıraç|Depreme hazırlık|Antik Mısır|Dil
Doğal sayılar hangi sayıların kümesini ifade eder?|Sayı|87 (sayı)|Cebirsel sayı alanı|Doğal dil üretme|Dosya tanımlayıcı
John Forbes Kerry kimdir ve siyasi kariyeri nasıl şekillenmiştir?|2004 Amerika Birleşik Devletleri başkanlık seçimleri|John Kerry|Türkiye'deki siyasi partiler listesi|John Witherspoon (anlam ayrımı)|John Edwards
Türkçe, Altay dil ailesine mi aittir?|Dil|Güzelova, İdil|1. Uluslararası Türkçe Olimpiyatları|Doğal dil üretme|Oktay Kuday
Aristoteles gibi Antik Yunan filozofları biyolojik bilginin gelişimine katkıda bulunmuşlar mıdır?|Martin Litchfield West|Rodoslu Eudemos|Hristos Dandis|Francis Bradley|Alkistis Protopsalti
Barış Manço'nun televizyon programı olan 7'den 77'ye, hangi yıl başlamıştır ve hangi kanalda yayınlanmıştır?|Barış Manço|Renkli Rüyalar Oteli|Programlama dili|Gandhi Barış Ödülü|Hustle
Dil yozlaşmasının nedenleri arasında medyanın etkisi de bulunmakta mıdır?|Dil|Güzelova, İdil|Doğal dil üretme|2005 Fransa Bisiklet Turu'ndaki takımlar ve bisikletçiler listesi|Tokatçık
Eski Mısır'daki sanat, sadece dinsel ve politik amaçlar için mi kullanıldı?|Antik Mısır|Aşağı Mısır|Modern Sanat Müzesi|El-Hevemdeyye|1952 Mısır Devrimi
Uğur Mumcu'nun hakkında hangi belgeseller hazırlanmıştır ve kimler tarafından yönetilmiştir?|Uğur Mumcu|Uğur Mumcu, Çiğli|Buğra Uğur|Uğur Yanıkdemir|Kızılcaşehir, Alanya
Metafizikte hangi temel konular incelenir?|Programlama dili|Periplus Maris Erythraei|Metafizik|El-Navaciya|Koşma (edebiyat)
Orta Krallık Dönemi, 2. Mentuhotep'in Mısır'da siyasal birliği yeniden kurmasıyla başladı mı? |Antik Mısır|Aşağı Mısır|1952 Mısır Devrimi|Britanya Faşistler Birliği|El-Hevemdeyye
S. Murat Demiral, 1993 yılında öğretim görevlisi olarak çalışmış mıdır?|Hacettepe Üniversitesi Felsefe Bölümü|Murat Koca (anlam ayrımı)|S. Murat Demiral|Atilla Yücel (anlam ayrımı)|Karacabey Meslek Yüksekokulu
 Hibrid veya Melez terimleri hangi anlamlara gelebilir?|Hibrit|Arslanoğlu|Adam's Rib|Telefol|SAAM
Alfred Wegener'in kıta kayması teorisi 1960'larda kabul görmüş müdür?|Jeoloji|1960 FA Charity Shield|Sınıf alan teorisi|Ben Öldükçe Yaşarım|Hesaplanabilir fonksiyon
Ulusal Mühendislik Akademisi'ne göre, tarımdaki makineleşme bir devrim midir?|Mühendislik|Ulusal Birlik Partisi|Proleter devrim|Gönüllüler Marşı|Tarım
Büyükbaş hayvanlar, Eski Mısır'da en önemli çiftlik hayvanlarından biri miydi?|Antik Mısır|Aşağı Mısır|1952 Mısır Devrimi|El-Hevemdeyye|Kahire Kulesi
Danimarka ve Hollanda, süt ürünleri ihracatıyla Avrupa'da öne mi geçmiştir?|16 Mayıs 1644 Eylemi|Roskilde Antlaşması|Danimarka'da din|Birinci Schleswig-Holstein Savaşı|Vejetaryenlik
Dinin kökeni hakkında bilimsel olarak kesin bir sonuca varılmış mıdır?|Din|Bilimsel Gelişme için Amerikan Birliği|Sonculun kabulü|Kesin Nokta Konumlandırma|Deizm
Mistisizm, fiziksel disiplinlerle ruhani hakikat veya tanrı ile birleşmeyi denemeye odaklanır mı?|Deizm|Mısır tanrıları listesi|Bilgelik|Annuna|Kaodaizm
Gençlerbirliği'nin Türkiye Futbol Şampiyonası'nda kaç kez şampiyon olduğu bilgisini verir misiniz?|Gençlerbirliği SK|Fenerbahçe Masa Tenisi Şubesi 2011-12 sezonu|GAIS|FC Sochaux-Montbéliard|Fenerbahçe (futbol takımı) istatistikleri ve rekorları listesi
Metinde, toplum bilimcilerin çalışma alanları, toplum biliminin diğer bilimlerle ilişkisi, araştırma yöntemleri ve sosyal teoriler hakkında bilgiler verilmektedir.|Sosyoloji|Sosyal dışlanma|Fizik|Ondokuz Mayıs Üniversitesi|Sema Silkin Ün
Yazılım mühendisliğinin tanımı kim tarafından yapılmıştır?|Yazılım mühendisliği|Özgür yazılım|Ticari yazılım|Bilgisayar mühendisliği|Kim Busik
Metinde otomobil teknolojisinin ve yeniliklerinin tarihçesi hakkında neler söylenmektedir?|Otomobil|Kırıkuşağı, Feke|Bahman Group|Mercedes 35 HP|Peugeot Type 68
Koyunların kuzulama dönemleri genellikle bahar aylarında mıdır?|Kuzugöbeği|Kengen|Enkyō (Edo)|Kenkyū|Burak Kut (albüm)
Cumhurbaşkanlığı Sarayı'nın inşası hangi doğal alan üzerine gerçekleşti?|2012 Güney Kore cumhurbaşkanlığı seçimi|1923 Türkiye cumhurbaşkanlığı seçimi|1927 Türkiye cumhurbaşkanlığı seçimi|Mecidiye Köşkü|637
Galatasaray, 1953 yılında Türkiye Kürek Şampiyonası'nda Kadın ve Erkek Kürek Takımlarıyla şampiyon olmuş mudur?|Galatasaray SK|Fenerbahçe Masa Tenisi Şubesi 2011-12 sezonu|Muzaffer Selvi|Galatasaray Lisesi|2020 Yaz Olimpiyatları'nda kürek - Erkekler iki çifte
Dersim Vilayeti hangi yıl ve hangi Osmanlı vilayetinden ayrılarak oluşturulmuştur?|Dersim (anlam ayrımı)|Dersim'in Kayıp Kızları|Tunceli (il)|Programlama dili|Priştine Sancağı
Simbiyoz, her iki taraf için de faydalı olan bir ilişki türü müdür?|Meme ilişkisi|Avnillah sınıfı zırhlı korvet|Biyoloji|Bir Ofis Romansı|Tuva yemekleri
Eski Mısırlıların giysileri genellikle renkli ve desenli miydi?|Askerî tören şapkası|Iris albicans|Antik Mısır|MF Samsun|Allium flavum
Mazgirt'in rakımı nedir?|Mazgirt|Gömemiş, Tunceli|Aktarla|Ontoloji|Hacıömeroğlu, Yunak
 Verilen e-posta örneğinde ne tür bir dolandırıcılık girişimi yer almaktadır ve spam e-postaların finansal etkileri nelerdir?|Spam|Posta|Europa posta pulları|Mine çiçeğigiller|Çin'in posta tarihi ve posta pulları
Metinde otomobilin gelişmesine katkıda bulunan kişiler ve otomobilin çeşitli yönleri hakkında neler anlatılmaktadır?|MÖ 21. yüzyıl|Anime News Network|Pops Stables|Ekim Devrimi Nişanı|World Solar Challenge
Hangi tür sismik dalgalar Dünya'nın içinden geçer?|Mine çiçeğigiller|Deprem|Sismotektonik|Türler sorunu|Dünya savaşı
Windows 7 hangi yıl piyasaya sürülmüştür?|Microsoft Windows|Windows 8|Windows Messenger|Windows Live Gallery|Microsoft Lumia 430
 Bill Clinton'un Saray'dan ayrıldıktan sonraki faaliyetleri nelerdir?|Bill Clinton|Bill & Melinda Gates Vakfı|200 M.P.H.|John Edwards|Kuropalatis
Norfolk'ta yaşayan İngiliz çiftçiler, dörtlü ekim nöbeti sistemini geliştirmişler midir?|Ickburgh|Garboldisham|Mileham|Gimingham|Hoveton
Fotosentezin üçüncü aşamasında NADPH ve ATP mi üretilir?|Adenozin trifosfat|Oksidatif fosforilasyon|Şanghay Masters|Biyoloji|Vufflens-le-Château
DNA parçalarının birleştirilmesini sağlayan enzim hangisidir?|Genetik|Aktif bölge|ACC|Biyoloji|Everett Ruess
Operon, aynı promotörü paylaşan bir gen kümesini ifade eder ve genellikle prokaryotlarda mı bulunur?|Biyoloji|Genetik|Düalite|948|Küçük gruplarda iletişim
Temuçin'in kağan unvanının verildiği yıl hangisidir?|Cengiz Han|Amrak|Kutluk Yabgu Kağan|Şine-usu yazıtı|618
Metinde, sosyoloji disiplininin özellikleri, sosyolojik bakış açısı, sosyal teori ve sosyal bilimlerle ilişkisi hakkında bilgiler verilmektedir.|Sosyal dışlanma|Sosyoloji|Sosyal televizyon|Niyazi Mısri Sosyal Bilimler Lisesi|Yusuf Ziya Özcan
Metinde hangi uluslararası anlaşmalar ve antlaşmalar, hangi tarihlerde imzalandı ve hangi önemli maddeleri içeriyorlar?|Programlama dili|Periplus Maris Erythraei|Role cetveli|Uluslararası Arama Kurtarma Danışma Grubu|2019 Eurovision Şarkı Yarışması'nda İsviçre
Mobil cihazlar için Linux tabanlı işletim sistemi hangi marka tarafından geliştirilmiştir?|Linux|Suse|TRESemmé|Linux Belgelendirme Çalışma Grubu|Ice Cream Cones (marka)
Metinde, Fransız şair ve yazar Gérard de Nerval'in hayatı, eserleri ve önemi hakkında bilgiler verilmektedir.|Gérard de Nerval|22 Kasım|21 Nisan|23 Eylül|4 Aralık
Barış Manço'nun askerlik süresi ne kadardır?|Barış Manço|Renkli Rüyalar Oteli|Gandhi Barış Ödülü|Nikias Barışı|Yergöğü Mütarekesi (1772)
2018 genel seçimlerinde Adalet ve Kalkınma Partisi kaç milletvekili çıkardı?|Hüsnü Tuna|Ali Turan (siyasetçi)|Öner Ergenç|Süleyman Gündüz|Mithat Ekici
John Edwards'ın politik kariyerindeki en başarılı dönemi hangi seçimde yaşanmıştır?|John Edwards|2004 Amerika Birleşik Devletleri başkanlık seçimleri|Pandalidae|John Kerry|John Witherspoon (anlam ayrımı)
Depremin büyüklüğü hangi ölçek ile belirlenir?|1222 Kıbrıs depremi|1822 Halep depremi|Deprem|Programlama dili|Periplus Maris Erythraei
Orta Krallık Dönemi'nde, Mısırlılar Girit ile ticari ilişki içine girdi mi?|Helenleştirme|Ayanikola|Antik Mısır|Ticari yazılım|Kisamu
Metinde hangi türlerdeki spam içerikleri ve bunların örnekleri verilmektedir?|Spam|Batı Ermenicesi Vikipedi|The Ringer|MusicOMH|Programlama dili
Ekolojinin ana alt dalları nelerdir?|Superior serebellar arter|Ekoloji|Capet Hanedanı|Üçüncü os cuneiforme(Lateral)|İkinci os cuneiforme(İntermedial)
Hangi kaynaklar ve siteler, astronomiyle ilgili güncel haberler, incelemeler, fotoğraflar ve diğer içerikler sunar?|Anime News Network|İsteğe bağlı akan müzik veri akışı servislerinin karşılaştırılması|Değnek Sekizlisi|Gazeteport|Türkiye
Hangi yıl Türkiye Kupası'nı kazanarak UEFA Kupası'na katılma hakkı elde etmiştir?|1997 UEFA Kupa Galipleri Kupası Finali|1998 Türkiye Kupası Finali|2009 UEFA Süper Kupası|1976 UEFA Süper Kupası|AS Ethnikos Ahnas
İşaret dili çevirmenleri sadece el kol hareketlerini mi tercüme eder?|İşaret (anlam ayrımı)|Dil|Nikolay (Japonya)|Santa Catarina Juquila|Yasin Kol
Esperanto kelimesinin etimolojisi umut etmek anlamına gelen bir Fransızca kelimeye mi dayanır?|Esperanto|Halk etimolojisi|Umut, Çankaya|Fransızcanın Varyantları|Julie (isim)
Metinde anlatılan olaylar nelerdir?|MÖ 21. yüzyıl|344|MÖ 371|737|MÖ 393
Karl Marx'ın 1841'de bitirdiği ve doktora tezi olarak sunduğu eserinin adı nedir?|Karl Marx|Georges Clemenceau|Ontoloji|Karl-Gerät|V. Karl Sarayı
Temuçin'in ailesinde kaç kardeşi vardı?|Cengiz Han|I. Theuderic|Kimbal Musk|Tom Dumont|Hanteme bint Haşim
Erdoğan hangi ülkenin Ukrayna'yı işgalini Kırım'ın işgali olarak nitelendirmiştir?|Recep Tayyip Erdoğan|Kırım Cumhuriyeti|Kırım Tatar lehçeleri|Ukrayna'nın idari bölümleri|Oleksandr Şapoval
Barış Manço hangi müzik türünün öncülerinden biri olarak bilinir?|Barış Manço|Renkli Rüyalar Oteli|Gandhi Barış Ödülü|Google Play Müzik|Kral Çıplak (albüm)
Los Angeles'ta kaç tane Fortune 500 şirketi bulunmaktadır?|Los Angeles|Pasifik Grubu (NBA)|Electronic Entertainment Expo 2015|Suç Çetesi|Lynwood, Kaliforniya
Pisagor'un önerdiği yönetim modelinde, yöneticiler nasıl seçilmelidir?|Pisagor|Pisagor teoremi|Lunda Norte Bölgesi|Luanda Bölgesi|Zekeriya Yıldırım
Bu metinde Türkiye'de siyasi partilerin kuruluşu, tarihçesi, faaliyetleri ve mevcut durumu hakkında bilgiler verilmektedir. Siyasi partilerin Türkiye'deki gelişimi nasıl başlamıştır ve bugüne kadar nasıl bir seyir izlemiştir?|Türkiye'deki siyasi partiler listesi|Türkiye|Merkez Parti|Sosyalist Türkiye Partisi|Demokrat Merkez Partisi
2004 Amerika Birleşik Devletleri başkanlık seçimlerinde hangi eyaletlerde kazanan partinin farklı olduğu görüldü?|Çipevaca|Wesley Clark|Oceana Deniz Hava Üssü|Dennis Kucinich|The Frogmen
John Edwards hangi başkan adayının başkan yardımcısı adayıydı ve hangi başkanlık seçimlerinde yer almıştır?|John Edwards|2004 Amerika Birleşik Devletleri başkanlık seçimleri|Dennis Kucinich|Dariusz Joński|Richard Mentor Johnson
Metinde bahsedilen olaylar nelerdir ve Atatürk'ün dış politikası nasıl şekillenmiştir?|Konya Atatürk Evi Müzesi|İzmir Atatürk Müzesi|Cemal Granda|Mustafa Kemal Atatürk|Anıtkabir
Metinde hangi anlamlara gelen bir kısaltmadan bahsedilmektedir?|Programlama dili|Arslanoğlu|Telefol|Yalomiça (anlam ayrımı)|Periplus Maris Erythraei
Uluslararası hukukta, devletler arasında eşitlik ilkesi geçerli midir?|Hors de combat|Uti possidetis|9. Uluslararası İstanbul Film Festivali'nde gösterilen filmler|24. Uluslararası İstanbul Film Festivali'nde gösterilen filmler|Saldırmazlık ilkesi
Windows işletim sistemi ailesi hangi şirket tarafından geliştirilmiştir?|Windows 8|Microsoft Windows|Windows Messenger|Windows Live Gallery|Suse
Dinin kökeninin vahiy olduğunu savunan bilim insanlarından biri Wilhelm Schmidt midir?|Din|II. Friedrich Wilhelm|Ontoloji|Deizm|Skeptic
Mustafa Kemal, Hicaz Seferi'ne katılan birliklerin komutanlığına atandı mı?|Mustafa Kemal Atatürk'ün askerî kariyeri|Hicaz (müzik)|Mustafa Kemal Atatürk|1923 Türkiye cumhurbaşkanlığı seçimi|1927 Türkiye cumhurbaşkanlığı seçimi
Galatasaray Lisesi'nin tarihi ve günümüzdeki durumu nasıldır?|Galatasaray SK|Galatasaray Lisesi|İnsanlık Durumu|Galatasaray Beyoğlu Hasnun Galip Kulüp Merkezi|Ahmet Reşat Arığ
Metinde, Porsche AG'nin Formula 1'deki başarıları, pilotlar dünya şampiyonlukları ve üreticiler dünya şampiyonlukları hakkında bilgiler bulunmaktadır.|Porsche|1994 Avustralya Grand Prix|Formula Renault|Targa Florio|DAMS
Kaç yılında Yıldız Savaşları serisinin ilk filmi yayınlanmıştır ve bu film hangi stüdyo tarafından yayınlanmıştır?|Yıldız Savaşları|George Lucas|Now That I've Found You|Hustle|Hasan Karacadağ
Anıtkabir'in toplam maliyeti ne kadardı ve proje için ayrılan bütçeden ne kadar tasarruf edildi?|Anıtkabir|Federal Deposit Insurance Corporation|Çekim programı|Cumhuriyet için Seferberlik Buluşması|Visayan Denizi
Gestuno, gerçek bir dil gibi somut dil bilgisel kurallarına sahip midir?|Dil|Güzelova, İdil|Doğal dil üretme|Gerçek (gazete)|Cerh ve Ta'dil
Metinde hangi tür spam içeriklerinin olduğu ve bunların kullanıcılara nasıl ulaştığı hakkında bilgi verilmektedir?|Spam|Mine çiçeğigiller|Türler sorunu|Programlama dili|Çıldırın Hüyleri
Metinde, coğrafyanın beş temel unsuru ve bu unsurların açıklamaları verilmektedir. Bu unsurlar nelerdir ve nasıl tanımlanmaktadır?|Coğrafya|Askerî devrim|Fizik|Çin mitolojisi|Tarım
Big Bang modeli 1984'te mi doğrulanmıştır?|ROCKISDEAD (albüm)|Corbin Bernsen|1984 Kış Olimpiyatları|Sharp Zaurus|Héctor Lechuga
Tony Blair, hangi yıllar arasında Birleşik Krallık Başbakanlığı yapmıştır?|Tony Blair|Robert Jenkinson|Clement Attlee|Britanya Faşistler Birliği|The Sunday Times
Hangi tür insani faaliyetler yapay depremlere örnek olarak verilebilir?|Mine çiçeğigiller|Türler sorunu|Çatal tırnak|Programlama dili|Üç boyutlu uzay
 Metinde, Mustafa Kemal Atatürk'ü canlandıran oyuncular ve yapımlar hakkında bilgiler verilmiştir.|Mustafa Kemal Atatürk|Mustafa Kemal Atatürk'ün askerî kariyeri|İzmir Atatürk Müzesi|Konya Atatürk Evi Müzesi|1927 Türkiye cumhurbaşkanlığı seçimi
Ataol Behramoğlu'na yönelik açılan manevi tazminat davasında Ankara 15. Asliye Hukuk Mahkemesi ne karar verdi?|Serdar Özgüldür|İhsan Ezgü|Hukuk|Osman Talat İltekin|Zafer Kantarcıoğlu
Fred Hoyle kaç yaşında öldü?|RWDM Brussels FC|Antonio Michele Stanca|Koos van den Berg|Viktor Korchnoi|Ferenc Kiss
Recep Tayyip Erdoğan, hangi siyasi partinin genel başkanıdır?|Recep Tayyip Erdoğan|Hak ve Eşitlik Partisi|Abdullah Gül|Fahri Kasırga|Önder Aksakal
bir alanı işgal eden ve nesilden nesile üreyen aynı türe ait organizmalar grubuna popülasyon mu denir?|Ekoloji|Özcan Türe|Biyoloji|II. Dünya Savaşı sırasında tarafsız güçler|Popülasyona göre kuşlar listesi
Mumyalama, Eski Mısırlılar için ölümden sonraki yaşamın önemli bir parçası mıydı?|Antik Mısır|Pryanik|Biyoloji|Alkistis Protopsalti|Serdab
Wesley Clark hangi askeri akademide öğrenim gördü?|Wesley Clark|Clark hücresi|Askerî devrim|Mareşal Emin Paşa|Celal Bulutlar
 Metinde, coğrafyanın beş temel unsuru ve bu unsurların açıklamaları verilmektedir. Bu unsurlar nelerdir ve nasıl tanımlanmaktadır?|Coğrafya|Askerî devrim|Fizik|Çin mitolojisi|Tarım
Antik Mısır'da kadınlar, hukuk önünde eşit muamele görürler miydi?|Hukuk|Antik Mısır|Aşağı Mısır|1952 Mısır Devrimi|El-Hevemdeyye
Cezayir'in nüfusu kaç milyondur?|Cezayir|Cezayir Türkleri|Burcü'l-Bahri|2014 FIFA Dünya Kupası H Grubu|Vahran tramvay hattı
Pozitivizmin üç aşama yasası nedir?|Ontoloji|İrlanda'da LGBT hakları|2022 Dünya Salon Atletizm Şampiyonası - Erkekler üç adım atlama|Şantajcıdan Etkilenen ve Yolsuzluk Yapan Örgütler Yasası|Cassius Maximus Tyrius
Zafer Kulesi hangi bölümde yer almaktadır?|Guangzhou Televizyon Kulesi|Kemer Saat Kulesi|Yaka Kalesi|Anıtkabir|Kahire Kulesi
Metinde, toplum biliminin tarihçesi, kuruluşu ve disiplinin içindeki gelişimi hakkında bilgiler verilmektedir.|Sosyoloji|Kırıkuşağı, Feke|Library Journal|Radyo ve Televizyon Yüksek Kurulu|Britanyalılar
Uğur Mumcu'nun siyasi duruşu ve gazetecilik kariyeri hakkındaki verilen bilgiler nelerdir?|Uğur Mumcu|Uğur Mumcu, Çiğli|Buğra Uğur|Uğur Yanıkdemir|Türkiye'deki siyasi partiler listesi
2001 yılında kurulan ilk üniversite hangi tarihte kurulmuştur?|Kyushu Üniversitesi|2001 Dünya Üniversiteler Kış Oyunları|Avrupa Üniversitesi (Üsküp)|Vilnius Üniversitesi|Buhara Devlet Üniversitesi
Metindeki bilgileri özetler misin?|Şekerli misin Vay Vay|Stream|Böğürtlen, Sivrihisar|Topallı, Aladağ|Kırca, Bigadiç
William J. Clinton'un hayatı ve politik kariyeri hakkında ne söylenebilir?|Bill Clinton|Flandreli Matilda|Mursal, Elmalı|ContraPoints|Nouriel Roubini
Cengiz Han'ın sahip olduğu topraklar hangi imparatorluğun büyüklüğündeydi?|Cengiz Han|Yeni Han|Burhan Haldun Dağı|Moğolistan tarihi|Karabağ Han Sarayı
Barış Manço ve Kurtalan Ekspres'in 1977 yılında yayımlanan albümün adı nedir?|Barış Manço|Ağaçlıpınar, Kurtalan|Saipbeyli, Kurtalan|Renkli Rüyalar Oteli|Gandhi Barış Ödülü
Metinde Zazaca edebiyatının gelişimi, dergiler, yayınevleri ve televizyon yayınları hakkında hangi bilgiler verilmektedir?|Zazaca|Pocket Books|Ezeli Doğanay|Library Journal|Skeptic
Eski Krallık ve Orta Krallık dönemlerinde piramitlerin yapımı devam mı etmiştir?|Clement Attlee|Britanya Faşistler Birliği|Tony Blair|The Sunday Times|Antik Mısır
Yeni Krallık Dönemi'nde, Deniz Kavimleri Mısır'a saldırdı mı? |Antik Mısır|Aşağı Mısır|1952 Mısır Devrimi|El-Hevemdeyye|Yunanistan Deniz Kuvvetlerinin hizmetteki gemileri listesi
Metinde Zazaca diliyle çekilmiş filmler ve belgeseller hakkında hangi bilgiler verilmektedir?|Zazaca|The Big Sick|Mesaj (film)|Avatar 4|The Cardinal
Terry Gilliam'ın hangi filmi 1985 yılında çekilmiştir?|Terry Gilliam|Ben (Zerrin Özer albümü)|Sosuke Morito|Irmak Atuk|Burhaniyespor
Mısırlılar, Güneş'e dayalı bir takvim oluşturmuşlar mıydı?|Güneş tanrılarının listesi|World Solar Challenge|Kepler'in gezegensel hareket yasaları|Astronomia nova (Yeni Astronomi)|Moniteur Ottoman
İstiklâl Marşı'nın bestesi kime aittir?|İstiklâl Marşı|Aegukka|Gönüllüler Marşı|May It Be|Bir Damla Gözlerimde
Habitat nedir?|Ontoloji|Moshe Safdie|Ekoloji|Port address translation|Litecoin
Metinde, bilgisayar mühendisliğinin tanımı, çalışma alanları ve tarihçesi hakkında bilgiler verilmektedir.|Bilgisayar mühendisliği|Kırıkuşağı, Feke|Biyokimya mühendisliği|Mihalis Yannakakis|Elektronik mühendisliği
Komünite, aynı coğrafi alanda yaşayan farklı türlerin popülasyonlarını içerir mi?|Ocotea basicordatifolia|Ekoloji|Türler sorunu|Adlarını coğrafi yerlerden alan elementler listesi|Vufflens-le-Château
Bu metinde yer alan tanrı gruplarının ve tanrıçalarının özellikleri nelerdir?|Deizm|Mısır tanrıları listesi|Kaodaizm|Annuna|Camugnano
Anadolu'nun bilinen ilk sakinleri Hint-Avrupa milletlerindendir, doğru mu?|Babür-İngiliz Savaşı|Vidyut Jamwal|Anadolu Selçuklu Devleti|Türkiye|Kuzey Avrupa hipotezi
Metinde, bilgisayar programcılığının tanımı, programlama dilleri kullanarak donanıma iş yaptırma süreci ve bu süreçle ilgili bazı ilgili kavramlar hakkında bilgiler verilmektedir.|Bilgisayar programcılığı|Bilgisayar mühendisliği|Programlama dili|Otomatik programlama|Apsalokece
Antropolojinin erken dönemlerinde hangi düşünce hakimdi?|Marcel Mauss|Programlama dili|Periplus Maris Erythraei|Lisehor Yaylası|Logothetis
Otrar Hadisesi ne zaman gerçekleşti?|637|Zaman aşımı|1999 Finlandiya'da Avrupa Parlamentosu seçimleri|MÖ 490|MÖ 333
Mısır matematikçileri, sadece dört işlemi ve kesirleri mi kullanabiliyorlardı?|Antik Mısır|Aşağı Mısır|1952 Mısır Devrimi|El-Hevemdeyye|Mısır Kupası
Dil değişiminin sosyal etkenlere bağlı olduğu iddia edilebilir mi?|Dil|Güzelova, İdil|Doğal dil üretme|Sosyal dışlanma|Sosyal televizyon
Tanıl Bora'nın kitabının ISBN numarası nedir?|Bora Bora Krallığı|Birinci normal form|Ontoloji|Mercan Adası (kitap)|Anne Wiazemsky
Mısır’da ticaret genellikle rahiplerin kontrolünde miydi?|Antik Mısır|Aşağı Mısır|1952 Mısır Devrimi|El-Hevemdeyye|Mısır Kupası
Gençlerbirliği'nin ilk ciddi başarısını elde ettiği yıl hangisidir?|Gençlerbirliği SK|Jacques Momha|Abdulhamit Yıldız|Dmitro Hreçişkin|Mario Noremberg
Cengiz Han'ın hükümdarlık dönemi kaç yıl sürdü?|Cengiz Han|Yeni Han|Burhan Haldun Dağı|Moğolistan tarihi|Karabağ Han Sarayı
Dünyada gerçekleşen en büyük depremler hangileridir?|Deprem|Wadati-Benioff Bölgesi|1222 Kıbrıs depremi|Linyi|Midibüs
Pisagor teoremi hangi matematikçiye atfedilir?|Pisagor|Pisagor teoremi|Programlama dili|Periplus Maris Erythraei|Önsel olasılık
Barış Manço'nun Belçika'daki evi hangi isimle anılmaktadır?|Barış Manço|Renkli Rüyalar Oteli|Gandhi Barış Ödülü|2014 FIFA Dünya Kupası H Grubu|Gérard Cooreman
II. Dünya Savaşı sonrasında Cezayir'de gerçekleşen ayaklanma hangi tarihte gerçekleşmiştir?|Cezayir|Cezayir Türkleri|Dünya savaşı|Burcü'l-Bahri|2014 FIFA Dünya Kupası H Grubu
Hierakonpolis'teki iklim değişikliği, bölge halkını Nil Nehri'nin taşkınlarından koruyacak sulama projelerini geliştirmeye yönlendirdi mi? |Bölge (anlam ayrımı)|Liffey Nehri|Nijer Nehri|Old Crow Nehri|Delaware Nehri
Neolitik çağdan itibaren Aliağa'ya yerleşen ve tarım yapan insanların sayısındaki artış oranı nedir?|Güzelhisar, Aliağa|Aliağa|Tarım|Tarım ve Orman Bakanlığı|Durağan
İslam hukuku, hukukun kaynağı olarak Kur’an’ı mı görür?|Hukuk|Cüz|Fil Suresi|Avrupa İslamı|Ebu Leheb
Recep Tayyip Erdoğan hangi medya kuruluşuna verdiği mülakatta eleştirildi?|Recep Tayyip Erdoğan|Fahri Kasırga|Abdullah Gül|TÜGVA|Bozkurt işareti
Mustafa Kemal'in milliyetçi mücadelesi sırasında iç ve dış politikadaki gelişmeleri özetleyiniz.|Mustafa Kemal Atatürk'ün askerî kariyeri|Mustafa Kemal Atatürk|1923 Türkiye cumhurbaşkanlığı seçimi|41. Türkiye Hükûmeti|1927 Türkiye cumhurbaşkanlığı seçimi
Metinde, İtalya'da kurulan oluşumlar ve kurumsal yan kuruluşlar hakkında bilgi verilmektedir.|1946 İtalya anayasa referandumu|Wasilla, Alaska|Markham, Ontario|Anheuser-Busch InBev|Yan (An-Şi)
Hukuk, sadece bireyler arasındaki ilişkileri düzenleyen bir normatif bilim midir?|Hukuk|İkinci Soğuk Savaş|Avrupa Komşuluk Politikası|Skeptic|İsviçre'nin Ankara Büyükelçiliği
Metinde, Mustafa Kemal Atatürk'ün ölümünden sonra gerçekleşen anma etkinlikleri ve Atatürk'ün hayatı üzerine yapılan çalışmalar hakkında bilgiler verilmiştir. Ayrıca, Atatürk'ün kişisel yazıları ve eserleri ile ilgili bilgilere de değinilmiştir.|Mustafa Kemal Atatürk|Konya Atatürk Evi Müzesi|İzmir Atatürk Müzesi|Cemal Granda|Anıtkabir
 Metinde, coğrafyanın tanımı, tarihi, temel ilkeleri ve dalları hakkında bilgiler verilmektedir.|Coğrafya|Batı Azerbaycan|Tarihî Sukotay Kenti ve İlgili Tarihî Kentler|Fizik|Serir
Mustafa Kemal'in cumhuriyetle meşruti monarşi arasındaki farkları açıkladığı ve Türkiye Cumhuriyeti'nin ilan edilme sürecini anlatan metni özetleyiniz.|Mustafa Kemal Atatürk'ün askerî kariyeri|Mustafa Kemal Atatürk|1923 Türkiye cumhurbaşkanlığı seçimi|1927 Türkiye cumhurbaşkanlığı seçimi|Türkiye
Zazaca dilinin coğrafi dağılımı ve sınıflandırılması hakkında neler söylenmektedir?|Zazaca|Poisson dağılımı tablosu|Okçular, Kovancılar|Altınışık, Bingöl|Coğrafya
Galatasaray Kadın Sutopu Takımı, 2012 yılında Türkiye Kadınlar Sutopu 1. Ligi'nde şampiyon olmuş mudur?|Sırbistan kadın millî sutopu takımı|Galatasaray SK|Beşiktaş (kadın futbol takımı)|Fenerbahçe Masa Tenisi Şubesi 2011-12 sezonu|Neriman Özsoy
Metinde Zazaca dilinin akrabalık ilişkileri, kökeni ve edebiyatı hakkında hangi bilgiler verilmektedir ve nasıl geliştiği açıklanmaktadır?|Zazaca|Bacanak|Avrupa Komşuluk Politikası|İkinci Soğuk Savaş|Ertuğrul Aydın
Grafın temeli kim tarafından atılmıştır?|Kim Busik|Devlet Bayrağı Meydanı (Bakü)|Kim Hyun-seok|Kim Korkar Hain Kurttan?|Esma Sultan (I. Ahmed'in kızı)
Napolyon Bonapart, Mısır'da bilimsel çalışmalar düzenlemiş midir?|Jean-Mathieu-Philibert Sérurier|1814 Paris Muharebesi|18 Brumaire Darbesi|Antik Mısır|Aşağı Mısır
Hitit İmparatorluğu'nun çöküşünden sonra Anadolu'da üstünlük elde eden devlet Frigler midir?|Anadolu Selçuklu Devleti|Türkiye|Nikea Kuşatması (727)|Tanrıbermiş Beyliği|Norbert Ratsirahonana
Arkealar, bakterilerden farklı olarak, eşeysiz olarak çoğalır mı?|Biyoloji|Trichoderma reesei|Uğrunda Ölürüm / Sen Aslanlar Gibisin|Geniş bant|İzoton
Yıldız astronomisinin temel prensipleri ve yıldızların evrim süreçleri nelerdir?|Yıldızların Zamanı|Yıldız Savaşları|Küçük gruplarda iletişim|Astronomi|Iraklık açısı
Mısır'da dünya da bilinen ilk barış antlaşması imzalanmış mıdır?|Antik Mısır|1952 Mısır Devrimi|Aşağı Mısır|Gandhi Barış Ödülü|Atina Antlaşması (1913)
Hangi FKF Genel Başkanı TİP üyesiydi ve seçildikten sonra MDD çizgisine geçti?|Fikir Kulüpleri Federasyonu (1965)|Ferit İlsever|Evren Duyal|Atılım (gazete)|Bakanlar kurulu başkanı
Bu metindeki bilgilere dayanarak Türkiye'de siyasi partilerin hukuki durumu ve mevcut listelerde yer alan siyasi partilerin durumu hakkında ne söylenebilir?|Türkiye'deki siyasi partiler listesi|İnsanlık Durumu|Devredilemez tek oy|1968 Avrupa Futbol Şampiyonası elemeleri - 8. Grup|Demokrat Merkez Partisi
Mendel'in çalışmaları, modern genetiğin temellerini atmış mıdır?|Modern Sanat Müzesi|Genetik|Medikal genetik|1920 Yaz Olimpiyatları'nda modern pentatlon|PGM-19 Jupiter
Ankara Hükûmeti'nin iç politikadaki adımları ve dış politikadaki gelişmeleri özetleyiniz.|İsviçre'nin Ankara Büyükelçiliği|İstemi Betil|1972-73 Türkiye Erkekler Voleybol Ligi|Faruk Koca|Mustafa Erdem
Kim 2004 yılında Yılın Avrupalısı seçildi ve Türkiye'nin Avrupa Birliği'ne katılımının medeniyetler çatışmasına yol açmayacağını belirten bir yorumda bulundu?|Türkiye|Türkiye Cumhuriyeti Avrupa Birliği Başkanlığı|Faruk Kaymakcı|İHeartRadio Müzik Ödülleri|Kim Busik
Yehuling Savaşı'nda kaç Jin askeri hayatını kaybetti?|Park Soo-jin|Tahir Bağırov|Dünya savaşı|Askerî devrim|Tuva Halk Devrim Ordusu
2020-2021 sezonunda 24 Erzincanspor futbol takımı hangi ligde yer almıştır?|Hollanda kadın millî futbol takımı|Beşiktaş (kadın futbol takımı)|Diyarbakır Kayapınar Belediyespor|Antalya Toroslar BK|Japonya 17 yaş altı millî futbol takımı
Barış Manço'nun ilk video klibi hangi şarkı için çekilmiştir?|Barış Manço|Renkli Rüyalar Oteli|En İyi Rock MTV Avrupa Müzik Ödülü|Stay (Jay Sean şarkısı)|Sıfır Tolerans
Metinde hangi dilbilgisi ve dil yapısı özellikleri hakkında bilgiler verilmektedir?|Dil|Güzelova, İdil|Doğal dil üretme|Periplus Maris Erythraei|Library Journal
Tören meydanının toplam ölçüsü nedir?|Anıtkabir|Ontoloji|COVID-19 pandemisinin Mart 2020 kronolojisi|Askerî tören şapkası|Onhaye
Otrar hadisesi sonrasında Harezmşah Muhammed hangi yıl Cengiz Han'a karşı savaş planı oluşturdu?|Cengiz Han|Yeni Han|Burhan Haldun Dağı|Kasım Han|Moğolistan tarihi
Orwell'in 1984 romanı, dilin politik olarak nasıl kullanılabileceğine dair bir örnek midir?|Dil|1984 Kış Olimpiyatları|Türler sorunu|Kara Davut (anlam ayrımı)|Nur Baba (roman)
Hukuk, sadece devlet tarafından güvenceye alınmış ve cebrî yaptırımlara sahip olmalı mıdır?|Hukuk|Emre Başer|İstemi Betil|Orhan Aldıkaçtı|İhsan Ezgü
Uğur Mumcu'nun hayatı ve gazetecilik kariyeri hakkında verilen bilgiler nelerdir?|Uğur Mumcu|Uğur Mumcu, Çiğli|Buğra Uğur|Uğur Yanıkdemir|Adnan Uğur
Metinde, toplum bilimcilerin farklı araştırma yöntemlerini ve yaklaşımlarını kullanarak toplum bilimini nasıl anladıkları, özellikle nitel ve nicel araştırma yöntemlerinin önemi, ve toplumsal değişimi açıklamak için kullanılan sosyal teoriler hakkında bilgi verilmektedir.|Sosyoloji|Sosyal dışlanma|Hacettepe Üniversitesi Felsefe Bölümü|Ondokuz Mayıs Üniversitesi|İsviçre Ekonomik İşler, Eğitim ve Araştırma Bakanlığı
 Metinde, Ferrari'nin Formula 1'deki başarıları ve yaşadığı değişimler hakkında detaylı bilgiler yer almaktadır. Ferrari'nin Formula 1 tarihindeki önemli dönüm noktaları, kazandığı şampiyonluklar ve mücadeleleri anlatılmaktadır.|Ferrari F93A|Ferrari|Formula Renault|Giancarlo Fisichella|Cosworth
Cengiz Han, Kara Hıtayların son hükümdarı Güçlük'e karşı hangi yıl Cebe Noyan komutasında bir kuvvet yolladı?|Cengiz Han|Yeni Han|Burhan Haldun Dağı|Kuvvet serisi|Moğolistan tarihi
Barış Manço'nun oğlu Doğukan Hazar Manço ne zaman doğmuştur?|Barış Manço|Renkli Rüyalar Oteli|Gandhi Barış Ödülü|Trans-Hazar Oblastı|Kalga ve Kaban
Anıtkabir'in inşaatı ne zaman tamamlanmıştır?|Anıtkabir|Bebekler, Ödemiş|Zaman aşımı|Cumhuriyet için Seferberlik Buluşması|Meclis-i Vükelâ
Nişabur'da kaç gün içinde piramitlerin tamamı yapıldı?|Ebu Abdullah el-Mukri|1998 Dünya Halter Şampiyonası - Kadınlar 75 kg|1912 Yaz Olimpiyatları'nda bisiklet|Karakulak, Kızıltepe|Blyth Spartans AFC
Asurlular, Mısır'ın kontrolünü vasallara bıraktı mı?|Antik Mısır|Aşağı Mısır|El-Hevemdeyye|1952 Mısır Devrimi|MÖ 243
Nâzım Hikmet Kültür Merkezi'nin faaliyet gösterdiği şehirler hangileridir?|Nâzım Hikmet Kültür Merkezi|Ülkelere göre şehirler listesi|Mehmet Ulusoy (yönetmen)|Kurta (giyim)|Uruguay'daki şehirler listesi
Microsoft Windows 11'in kod adı nedir?|Microsoft Windows|Windows 8|Windows Messenger|Windows Live Gallery|Microsoft Lumia 430
İnşaatın kontrol şefliğine atanacak kişi ve bu göreve ne zaman getirildiği hakkında bilgi verebilir misiniz?|Görgü tanığının ifadesi|Zaman aşımı|Din|Mülakat|Avrupa Hastalık Önleme ve Kontrol Merkezi
İsmet İnönü'nün siyasi kariyeri ne zaman başlamıştır?|Kümbet, İnönü|İsmet İnönü|Mevhibe İnönü|Hür Demokrat Parti (Kuzey Kıbrıs Türk Cumhuriyeti)|Türkiye'deki siyasi partiler listesi
Termit yuvalarında sıcaklığın sabit tutulmasını sağlayan yapı nedir?|Banach sabit nokta teoremi|Maillard reaksiyonu|Ontoloji|Matematiksel yapı|Çit (anlam ayrımı)
Metinde, Y kuşağının tanımı, doğum aralığı, dijital teknolojilere olan aşinalığı, yaşadığı ekonomik ve siyasi etkiler, ve diğer kuşaklarla ilişkisi hakkında bilgiler verilmektedir.|Dijital okuryazarlık|Y Kuşağı|Türkiye'deki siyasi partiler listesi|Dijital medya oynatıcı|Gig çalışanları
Fizik, sadece mühendislikte simülasyon üretmek için mi kullanılır?|Fizik|Havok (yazılım)|Jeff Forshaw|Vufflens-le-Château|François Englert
Hukuk sistemlerinin kaynağı Roma hukuku mudur?|Hukuk|Roma (mitoloji)|Roma-Volsk Savaşları|Stephen F. Williams|Moricone
Birleşmiş Milletler'e üye kaç ülke vardır?|Ülkeler listesi|Wan Waithayakon|Birleşmiş Milletler İnsani Yardım Koordinasyon Ofisi|Ivan Šimonović|Mika Lintilä
Gestuno, Dünya İşitme Engelliler Federasyonu'nun kongresinde mi ele alınmıştır?|Yeni Zelanda Futbol Federasyonu|Dünya savaşı|Vufflens-le-Château|Dünya Kitap Başkenti|Oron Gölü
Filogeni, biyolojik sınıflandırmanın temelini oluşturur mu?|Krosetin|Ozan Orhon|Oftalmik asit|Kemikbilim|Biyokimya mühendisliği
Ebru kelimesi Farsça kökenli midir?|Ebru (anlam ayrımı)|Yezdani|Abdulhamit Çintan|Mahmaleh bahşı|Pustukan
Astronominin dalları, alanları ve konuları nelerdir?|Superior serebellar arter|Fizik|Astronomi|Doğançay, Mezitli|Mühendislik
Hayvanlar, belirlenmiş işaret sistemlerini kullanarak iletişim kurabilirler mi?|Küçük gruplarda iletişim|Yönlendirici|Vufflens-le-Château|.dj|Dil
Cezayir müziğinin en çok bilinen türü nedir?|Cezayir|Cezayir Türkleri|Burcü'l-Bahri|2014 FIFA Dünya Kupası H Grubu|Tuat
Mustafa Kemal Paşa, Samsun'a çıkarken yanında sadece askeri personel mi vardı?|Mustafa Kemal Atatürk'ün askerî kariyeri|Mustafa Kemal Atatürk|Mustafa Rauf İnan|Canbolatoğlu Ali Paşa|1923 Türkiye cumhurbaşkanlığı seçimi
Tunceli'de kaç köy bulunmaktadır?|Tunceli (il)|Ziyaret, Ovacık|Gömemiş, Tunceli|Çatköy, Ovacık|Nohutlu, Pülümür
 Metinde Atatürk'ün doğum tarihiyle ilgili bilgiler nelerdir ve bu konudaki belirsizlik nasıl açıklanmaktadır?|Konya Atatürk Evi Müzesi|İzmir Atatürk Müzesi|Cemal Granda|Mustafa Kemal Atatürk|Anıtkabir
Metinde hangi siyasi partiden ve tarihlerden bahsedilmektedir?|Vatandaş Partisi|Türkiye'deki siyasi partiler listesi|Dadalı, Akçakoca|Polonya İşçi Partisi|Merkez Parti
Mayoz, DNA replikasyonunu takiben iki bölünme geçirerek dört haploid yavru hücre mi oluşturur?|Sitoloji|Genetik|Biyoloji|Gametofit|Oligosakkarit
Karmaşık sayılar hangi sayı kavramının bir uzantısı olarak ortaya çıkmıştır?|Sayı|87 (sayı)|Cebirsel sayı alanı|Emre Aracı|Rauf Tunçay
Temuçin kaç yaşındayken evlendi?|Cengiz Han|Jason Priestley|I. Joseph (Kutsal Roma imparatoru)|Nicolae Alexandru|Portia de Rossi
Sultan Celaleddin'in Gazne'deki Moğol ordusunu yendiği savaşta kaç askerle yerleşmişti?|Behramşah|Pîr Sultan Abdal|Hürrem Sultan Balesi|Tebriz'in Zaptı (1514)|Nesâ Muharebesi
Pertek Belediyespor kadın takımı, hangi ligde yer almaktadır ve kendi grubunda kaçıncı olmuştur?|Ballıdut, Pertek|Mersin Büyükşehir Belediyespor (kadın basketbol takımı)|Hollanda kadın millî futbol takımı|Beşiktaş (kadın futbol takımı)|Sivas Belediyespor
Mustafa Kemal'in askeri başarıları ve Türk Kurtuluş Savaşı'nın son aşamalarındaki gelişmeler hakkında bilgi veriniz.|Mustafa Kemal Atatürk'ün askerî kariyeri|Mustafa Kemal Atatürk|Gazi Paşa|Ömer Fevzi Eyüboğlu|Kırık Kanatlar (dizi)
Gül 29 Ekim 1950'de Kayseri'de dünyaya gelen kimdir?|Abdullah Gül|Gül yağı|Kuruköprü, Talas|Çadıryeri, Develi|Kayseri Kapalı Cezaevi
Temuçin ve Tuğrul Han arasındaki anlaşmazlık hangi yıl başlamıştır?|Cengiz Han|Yeni Han|Karabağ Han Sarayı|Kasım Han|Muhammed Eyüb Han
Metinde, Ferrari'nin kurucusu Enzo Ferrari'nin hayatı ve şirketin tarihçesi hakkında detaylı bilgiler yer almaktadır. Ferrari'nin başarıları, maddi zorluklarla mücadelesi ve Enzo Ferrari'nin ölümüne ilişkin çeşitli görüşler metinde yer alır.|Ferrari|Ferrari F93A|Giancarlo Fisichella|Ferrari 195 S|Targa Florio
Anıtkabir'in toplam yüzölçümü ne kadardır ve bu alanın kaç m2'si Barış Parkı'na ayrılmıştır?|Anıtkabir|Vufflens-le-Château|Gandhi Barış Ödülü|Derbent, Sarıyer|Mersin'in il yolları
Güneydoğu Anadolu Bölgesi'nde hangi dağ yer alır ve hangi yüksekliğe sahiptir?|Güneydoğu Anadolu Bölgesi|Balkaya Dağı|Dağ bisikleti yarışı|Doğu Anadolu Bölgesi|Anadolu Selçuklu Devleti
Metinde, Porsche AG'nin kuruluşu, ürettiği modeller, yarış başarıları ve iş birlikleri hakkında bilgiler bulunmaktadır.|Porsche|Targa Florio|Lada Samara|Kenneth Church|1994 Avustralya Grand Prix
Şeref Holü'nde hangi yazılar ve mesajlar yer almaktadır?|Anıtkabir|Clarence Avant|Radom|Eddie Borysewicz|Waşikur Rahman
 Metinde, Mustafa Kemal Atatürk'ün aşk hayatı, evlilikleri ve manevi evlatları hakkında bilgiler verilmiştir. Ayrıca, Atatürk'ün dinî inancıyla ilgili farklı görüşler ve belirtilen sözler de açıklanmıştır.|Mustafa Kemal Atatürk|Konya Atatürk Evi Müzesi|İzmir Atatürk Müzesi|Cemal Granda|Mustafa Kemal Atatürk'ün askerî kariyeri
İşaret dili, görsel olarak algılanan bir doğal dil sistemi midir?|Dil|İşaret (anlam ayrımı)|Doğal dil üretme|Güzelova, İdil|Kaligram
Fazilet Partisi 1. Olağan Kongresi ne zaman yapılmıştır?|Altan Raşit Civan|Abdullah Gül|Ali Gören|Ulusal Birlik Partisi|Çin Komünist Partisi Ulusal Kongresi
Metinde ulaşımın çeşitleri nelerdir ve hangi yollar başlıca ulaşım yolları olarak belirtilmiştir?|Samsun'un il yolları|Avrupa E-yolu E33|Mersin'in il yolları|Çizge teorisi|Avrupa E-yolu E06
Mustafa Kemal'in cumhuriyet döneminde gerçekleştirdiği devrimler ve politikaları özetleyiniz.|Mustafa Kemal Atatürk'ün askerî kariyeri|Mustafa Kemal Atatürk|1923 Türkiye cumhurbaşkanlığı seçimi|Cumhuriyet için Seferberlik Buluşması|1927 Türkiye cumhurbaşkanlığı seçimi
Yoda, Luke Skywalker'ı bataklıklarda eğitmek için Dagobah gezegenine gitti mi?|Yoda|Tusken Akıncıları|Kylo Ren|Vufflens-le-Château|Örümcek Ayak
Metinde, coğrafya alanındaki temel paradigmaların tarihçesi ve belirli dönemlerdeki etkileri açıklanmaktadır. Hangi paradigmalar belirli dönemlerde öne çıkmıştır ve hangi düşünceleri temsil etmişlerdir?|Coğrafya|Periplus Maris Erythraei|Programlama dili|Role cetveli|Kırıkuşağı, Feke
Yıldız Savaşları'nın Yüksek Cumhuriyet dönemi kaç yıl öncesine dayanmaktadır?|Yıldız Savaşları|George Lucas|Turhan Kapanlı|Lucasfilm|Yüksek kültür
Hücre ölümüne ne ad verilir?|Sitoloji|Oligosakkarit|Perde (tiyatro)|Seul Müzik Ödülleri|Biyoloji
Sinema sanatının kaç temel öğesi vardır?|Sinema|CinemaScope|Hasan Karacadağ|Ahu Sungur|Fenerbahçe TV
Galatasaray, 1999-2000 sezonunda UEFA Kupası'nı kazanarak bir Avrupa Kupası kazanan ilk ve tek Türk futbol kulübü olmuş mudur?|Galatasaray SK|Fenerbahçe (futbol takımı) istatistikleri ve rekorları listesi|1997 UEFA Kupa Galipleri Kupası Finali|1998 Türkiye Kupası Finali|2009 UEFA Süper Kupası
Recep Tayyip Erdoğan hangi okullarda eğitim almıştır?|Recep Tayyip Erdoğan|Fahri Kasırga|Abdullah Gül|TÜGVA|Birleşik Krallık'ta eğitim
Elektronik mühendisliği kaç dalı inceler?|Mühendislik|Elektronik mühendisliği|Bilgisayar mühendisliği|Elektronik imza|Biyokimya mühendisliği
Antik Atina'da hukuk bilimi veya hukuka dair bir kelimeye rastlanmış mıdır?|Hukuk|Athena (Pontus)|Jenny Drosou|Nea İyonya|Stelios Serafidis
Audi'nin dünyanın ilk tamamen alüminyumdan yapılmış seri üretim otomobili hangisidir?|Audi|Çekim programı|2020 Yaz Olimpiyatları'nda kürek - Erkekler iki çifte|2004 Yaz Olimpiyatları'nda atletizm - Erkekler 110 metre engelli|Otomobil
Metinde Ferrari'nin 2007 Formula 1 sezonundaki performansı ve yaşanan olaylar hakkında detaylı bilgiler yer almaktadır. Ayrıca, Ferrari'nin satış prensipleri ve otomobil modelleri hakkında da bilgi verilmektedir.|Ferrari|Ferrari F93A|Giancarlo Fisichella|Cosworth|Ferrari 195 S
1984'te Hindistan'da gerçekleşen ve yaklaşık 1000 kişinin öldüğü olay nedir?|Vasco da Gama|Kurta (giyim)|Ontoloji|1984 Kış Olimpiyatları|1984
Türkiye'nin sınırlarını paylaştığı ülkeler arasında İran var mıdır?|İran sineması|Acı Hayat|Türkiye|Potentilla crantzii|Fereydoun Ghanbari
Hangi mitolojilerde depremlerin sebepleri hakkında inançlar bulunmaktadır?|Deprem|Sismotektonik|Periplus Maris Erythraei|Programlama dili|Hatsuyume
Hangi seçimde George W. Bush ikinci kez ABD başkanlığına seçildi?|II. George (anlam ayrımı)|Moving (Kate Bush şarkısı)|2004 Amerika Birleşik Devletleri başkanlık seçimleri|King of the Mountain (şarkı)|John Kerry
Mısır'da, granit, kumtaşı ve alabaster gibi yüksek kalitede yapı taşları bulunuyor muydu?|Antik Mısır|Aşağı Mısır|1952 Mısır Devrimi|Mısır Silahlı Kuvvetleri Yüksek Konseyi|El-Hevemdeyye
Bu listedeki Mısır tanrılarının çoğu hangi cinsiyete aittir?|Antik Mısır|Aşağı Mısır|El-Hevemdeyye|1952 Mısır Devrimi|Mısır Kupası
Metinde Ferrari'nin çeşitli modelleri ve üretim tarihleri detaylı bir şekilde listelenmiştir. Ayrıca, Ferrari'nin farklı segmentlerdeki arabaları ve üretim yılları hakkında bilgi verilmektedir.|Ferrari|Ferrari F93A|Giancarlo Fisichella|Çekim programı|Ferrari 195 S
Temuçin'in kaç yıl önce nişanlandığı Börte ile evlilik düğünü yapmak için yola çıktığı belirtilmiştir?|Cengiz Han|Figaro|En uzun evlilikler listesi|Türk malı|Futbol topu
Metinde, farklı toplumsal kuramların ve yaklaşımların temsilcileri ile ilgili bilgiler verilmektedir. Ayrıca, toplum biliminin toplumsal psikoloji ile ilişkisi ve bu alandaki temel kavramlar ele alınmaktadır.|Sosyoloji|Toplumsal eleştiri|Psikoterapinin tarihi|Sosyal dışlanma|Değerlerin değişmesi
Ahmet Şık hangi konuları ele alan kitaplar yazmıştır?|Ahmet Bilgin|Çıplak Ayaklıydı Gece|Hani Benim Gençliğim|Distopik filmler listesi|Beni Bul
Karl Marx'ın damadı olan sosyalist kimdir?|Karl Marx|Sosyalist devlet|Osmanlı Sosyalist Fırkası|948|Kosova Özerk Sosyalist Bölgesi
Hücre zarı, çift katlı lipit katmanından oluşur ve tam geçirgen midir?|Sitoloji|Biyoloji|Oligosakkarit|Mikoplazma pnömonisi|İnsula
Varlık fenomen olarak kabul edildiğinde hangi felsefi görüş ortaya çıkar?|Ontoloji|Türler sorunu|Cassius Maximus Tyrius|Formula Renault|Gece görüş aracı
İsmet İnönü'nün kabri nerededir?|Kümbet, İnönü|İsmet İnönü|Mevhibe İnönü|Ömer Evci|Hür Demokrat Parti (Kuzey Kıbrıs Türk Cumhuriyeti)
Yarı ölü bir dilde üst yaşlardan binlerce konuşan olması dilin yok olmasını engeller mi?|Mesapça|Dil|2012 Eurovision Şarkı Yarışması'nda Norveç|Ayka|2020 Avrupa Güreş Şampiyonası - Erkekler grekoromen 67 kg
Osmanlı İmparatorluğu’nda Tehcir Kanunu ile Ermeniler, Suriye'ye göç ettirilmiş midir?|Ermeni Kırımı'na Türk muhalefeti|Lazkiye Kuşatması|Kuzey Suriye'de Türkiye|Suriye pasaportu|Düyûn-ı Umûmiye
 Atatürk'ün doğum tarihi ve soyadı değişikliğiyle ilgili bilgileri özetleyin.|Konya Atatürk Evi Müzesi|Cemal Granda|İzmir Atatürk Müzesi|Mustafa Kemal Atatürk|Anıtkabir
Barış Manço hangi albümünde müzik hayatının 40 yılını anlatan 40. yıl şarkısını besteledi ancak sözlerini yazamadı?|Barış Manço|Renkli Rüyalar Oteli|Gandhi Barış Ödülü|Sultana|Google Play Müzik
Zazaca dilinin dilbilimi tarihinde hangi önemli çalışmalar yapılmıştır?|Zazaca|Okçular, Kovancılar|Altınışık, Bingöl|Programlama dili|Periplus Maris Erythraei
Karl Marx'ın dev çalışması Kapital'in ilk cildi hangi yıl yayımlandı?|Karl Marx|La casa de papel|LSD (albüm)|Karl-Gerät|V. Karl Sarayı
Barış Manço, Eurovision Şarkı Yarışması'nın Türkiye elemelerine Kazma şarkısıyla hangi yıl katılmıştır?|Barış Manço|2013 Eurovision Şarkı Yarışması'nda Almanya|2012 Eurovision Şarkı Yarışması'nda Makedonya Cumhuriyeti|Simon Mathew|Scooch
Antik Mısır, Arapların egemenliği altına girmiş midir?|Antik Mısır|Aşağı Mısır|El-Hevemdeyye|1952 Mısır Devrimi|Araxa
Mustafa Kemal'in Ankara'da Türkiye Büyük Millet Meclisi'ni açması ve milliyetçi hareketin gelişimi nasıl oldu?|Mustafa Kemal Atatürk'ün askerî kariyeri|Mustafa Kemal Atatürk|1927 Türkiye cumhurbaşkanlığı seçimi|1923 Türkiye cumhurbaşkanlığı seçimi|Faruk Koca
Üçüncü ve dördüncü kısımların inşaatı hangi tarihlerde tamamlandı?|Bebekler, Ödemiş|Programlama dili|Periplus Maris Erythraei|2026 FIFA Dünya Kupası elemeleri (AFC)|2019 Eurovision Şarkı Yarışması'nda İsviçre
Metinde hangi yöntemlerle kişisel bilgilerin gizliliğinin ihlal edildiği ve spam içeriklerinin zararları nelerdir?|Spam|Programlama dili|Periplus Maris Erythraei|Devlet destekli internet propagandası|Birinci normal form
Basketbolun Avrupa'daki ilk denemesi, 1893 yılında mı yapılmıştır?|Fedir Şçus|Brüksel Antlaşması (1965)|Basketbol|Avrupa E-yolu E33|1972 Avrupa Artistik Patinaj Şampiyonası
Metinde, sosyoloji veya toplumbilimi disiplini hakkında genel bilgiler verilmektedir.|Marcel Mauss|Sosyoloji|Library Journal|2022 Kış Olimpiyatları'nda alp disiplini - Kadınlar iniş|Kolektif eylem
Aliağa ilçesinin nüfusu kaç kişidir ve kadınların nüfusa oranı nedir?|Güzelhisar, Aliağa|Aliağa|Cortegana|Jete|Lobras
Metinde spam olarak tanımlanan nedir ve spam'ın tarihçesi nasıldır?|Spam|Ontoloji|Cadutherium|Kırıkuşağı, Feke|Scyliorhinus canicula
Metinde, Türkiye'nin Mustafa Kemal Atatürk'e olan saygısı ve onun hatırasını yaşatma çabaları ile Atatürk'ün dünya çapında popülerliği ve etkisi hakkında bilgiler verilmiştir.|Mustafa Kemal Atatürk|İzmir Atatürk Müzesi|Konya Atatürk Evi Müzesi|Cemal Granda|Mustafa Kemal Atatürk'ün askerî kariyeri
II. Genel Kurul'un açılışında hangi şiir yayınlanmıştır?|Tanja Bakić|II. George (anlam ayrımı)|Biz Savaştayken|Now That I've Found You|II. Leopold
Yıldız Savaşları filmlerinde kullanılan görüntü oranı nedir?|Yıldız Savaşları|Hasan Gergin|George Lucas|Ulead VideoStudio|Lucasfilm
Gürgenç kuşatması kaç ay sürdü?|344|Chang'e 4|Kut Türk Şehitliği|637|16. yüzyıl
23 Nisan Kulesi'nin iç duvarındaki kabartmada, kağıdın üzerinde hangi tarih yazmaktadır?|Guangzhou Televizyon Kulesi|Kemer Saat Kulesi|Anıtkabir|Yaka Kalesi|Programlama dili
Zazaca dili ve Zaza halkıyla ilgili temel bilgiler nelerdir?|Zazaca|Dil|Likçe|Okçular, Kovancılar|Altınışık, Bingöl
Büyük Hun İmparatorluğu'nun kuruluşu ne zaman gerçekleşti?|MÖ 220|637|Okarina|Atina Antlaşması (1913)|Düyûn-ı Umûmiye
Türkiye çerçevesinden bakıldığında, en duru konuşma dili İstanbul Türkçesi olarak mi kabul edilir?|Dil|Türkiye|Nükhet Duru IV|Ğugas İnciciyan|Abuşka Lugati
İnönü'nün sembolik lahdinin bulunduğu bölgedeki mezar odasında İnönü'nün hangi tarihte yazdığı bir söz yer almaktadır?|Kümbet, İnönü|İsmet İnönü|Mevhibe İnönü|Anıtkabir|Ömer Evci
Konak Meydanı'nda 10 Kasım 2006'da açılan sergide, Anıtkabir kompleksi hangi tarihe kadar ziyaret edilebilmiştir?|Anıtkabir|Konak (yapı)|Temple Meydanı|Tilkilik|Kordon (İzmir)
Şuana kadar toplamda kaç programlama dili geliştirilmiştir?|Programlama dili|Bilgisayar programcılığı|2014-15 UEFA Şampiyonlar Ligi ön eleme ve play-off turu|Otomatik programlama|Dil
Proje yarışmasına kaç farklı ülkeden toplam kaç proje gönderildi?|Lucie Váchová|Çekim programı|Hasan Gergin|Sun Yat-sen Anıt Mezarı|Proje 23000E Storm
Tarımda kullanılan enerjinin büyük bir bölümü fosil yakıtlardan mı sağlanmaktadır?|Tarım|İç enerji|Yuxisaurus|Kopepod|Perfotricolpites digitatus
Bu metinde hangi Mısır tanrılarından bahsedilmektedir?|Antik Mısır|Aşağı Mısır|El-Hevemdeyye|1952 Mısır Devrimi|Mısır Kupası
Türkiye'nin illerinin idari tarihi ve demografik özellikleri nelerdir?|Türkiye|Kasaba (Çin)|Arapapıştı Kanyonu|Tarihî Sukotay Kenti ve İlgili Tarihî Kentler|Açit Gölü
Yoda, öldüğünde Luke Skywalker'un yanındaydı mı?|Yoda|Tusken Akıncıları|Kylo Ren|Star Wars Jedi Knight: Jedi Academy|Örümcek Ayak
Aliağa ilçesindeki tarım topraklarının yüzdesi nedir?|Güzelhisar, Aliağa|Aliağa|Tarım|Passos (Fafe)|Habaş/Aliağa-DGKÇ Santrali
İsmet İnönü hangi göreve atanarak askerlikten emekli oldu?|İsmet İnönü|Kümbet, İnönü|Mevhibe İnönü|Ömer Evci|Hür Demokrat Parti (Kuzey Kıbrıs Türk Cumhuriyeti)
Metinde, Mustafa Kemal Atatürk'ün dinî inancı ve bu konudaki farklı görüşler ile Atatürk'ün hatırasının yaşatılması ve Türkiye'deki Atatürk kültürü hakkında bilgiler verilmiştir.|Mustafa Kemal Atatürk|Konya Atatürk Evi Müzesi|İzmir Atatürk Müzesi|Cemal Granda|Anıtkabir
Esperanto, II. Dünya Savaşı sırasında Hitler tarafından kullanımı teşvik edilmiş midir?|Esperanto|Karl Wilhelm Krause|Dünya savaşı|Otto von Lossow|Johann Rattenhuber
Özgür yazılımın yayılmasına öncülük eden isimler kimlerdir?|Özgür yazılım|GMER|Özgür Masur|Pia Andrews|Skeptic
Osmanlı döneminde Türk dilinde Fizik yerine Hikmet-i Tabiyye kelimesi kullanılıyor muydu?|Fizik|Nâzım Hikmet Kültür Merkezi|1787-1792 Osmanlı-Rus Savaşı|Meclis-i Vükelâ|Havok (yazılım)
Uluslararası Olimpiyat Komitesi'nin Pekin'e 2008 Yaz Olimpiyatlarına ev sahipliği yapma hakkını verdiği tarih kaçtır?|1964 Yaz Olimpiyatları madalya sıralaması|Alla Vajenina|Ferenc Kiss|Steven Hooker|2008 Yaz Olimpiyatları'nda yüzme
Pisagor, hangi geometrik üçgenleri bulmuştur?|Pisagor|Pisagor teoremi|Programlama dili|Periplus Maris Erythraei|Uninvited
Metinde e-posta adreslerinin satışı ve içerikleriyle ilgili hangi bilgiler verilmektedir?|Posta|Spam|Europa posta pulları|Çin'in posta tarihi ve posta pulları|Periplus Maris Erythraei
